<xml xmlns:o="urn:schemas-microsoft-com:office:office">
 <o:MainFile HRef="../mindbodyonline_instructions.htm"/>
 <o:File HRef="image001.emz"/>
 <o:File HRef="image002.gif"/>
 <o:File HRef="image003.emz"/>
 <o:File HRef="image004.gif"/>
 <o:File HRef="image005.emz"/>
 <o:File HRef="image006.gif"/>
 <o:File HRef="image007.emz"/>
 <o:File HRef="image008.gif"/>
 <o:File HRef="image009.emz"/>
 <o:File HRef="image010.gif"/>
 <o:File HRef="image011.emz"/>
 <o:File HRef="image012.gif"/>
 <o:File HRef="image013.png"/>
 <o:File HRef="image014.jpg"/>
 <o:File HRef="image015.emz"/>
 <o:File HRef="image016.gif"/>
 <o:File HRef="image017.png"/>
 <o:File HRef="image018.jpg"/>
 <o:File HRef="image019.emz"/>
 <o:File HRef="image020.gif"/>
 <o:File HRef="image021.emz"/>
 <o:File HRef="image022.gif"/>
 <o:File HRef="image023.png"/>
 <o:File HRef="image024.jpg"/>
 <o:File HRef="image025.emz"/>
 <o:File HRef="image026.gif"/>
 <o:File HRef="image027.emz"/>
 <o:File HRef="image028.gif"/>
 <o:File HRef="image029.png"/>
 <o:File HRef="image030.jpg"/>
 <o:File HRef="image031.emz"/>
 <o:File HRef="image032.gif"/>
 <o:File HRef="image033.emz"/>
 <o:File HRef="image034.gif"/>
 <o:File HRef="image035.emz"/>
 <o:File HRef="image036.gif"/>
 <o:File HRef="image037.emz"/>
 <o:File HRef="image038.gif"/>
 <o:File HRef="image039.emz"/>
 <o:File HRef="image040.gif"/>
 <o:File HRef="image041.emz"/>
 <o:File HRef="image042.gif"/>
 <o:File HRef="image043.emz"/>
 <o:File HRef="image044.gif"/>
 <o:File HRef="image045.emz"/>
 <o:File HRef="image046.gif"/>
 <o:File HRef="image047.emz"/>
 <o:File HRef="image048.gif"/>
 <o:File HRef="image049.emz"/>
 <o:File HRef="image050.gif"/>
 <o:File HRef="image051.emz"/>
 <o:File HRef="image052.gif"/>
 <o:File HRef="image053.emz"/>
 <o:File HRef="image054.gif"/>
 <o:File HRef="image055.png"/>
 <o:File HRef="image056.jpg"/>
 <o:File HRef="image057.emz"/>
 <o:File HRef="image058.gif"/>
 <o:File HRef="image059.emz"/>
 <o:File HRef="image060.gif"/>
 <o:File HRef="image061.emz"/>
 <o:File HRef="image062.gif"/>
 <o:File HRef="image063.png"/>
 <o:File HRef="image064.jpg"/>
 <o:File HRef="image065.emz"/>
 <o:File HRef="image066.gif"/>
 <o:File HRef="image067.emz"/>
 <o:File HRef="image068.gif"/>
 <o:File HRef="filelist.xml"/>
</xml>