<xml xmlns:o="urn:schemas-microsoft-com:office:office">
 <o:MainFile HRef="../charge_clients_account.htm"/>
 <o:File HRef="image001.emz"/>
 <o:File HRef="image002.gif"/>
 <o:File HRef="image003.emz"/>
 <o:File HRef="image004.gif"/>
 <o:File HRef="image005.emz"/>
 <o:File HRef="image006.gif"/>
 <o:File HRef="image007.emz"/>
 <o:File HRef="image008.gif"/>
 <o:File HRef="image009.emz"/>
 <o:File HRef="image010.gif"/>
 <o:File HRef="image011.emz"/>
 <o:File HRef="image012.gif"/>
 <o:File HRef="image013.png"/>
 <o:File HRef="image014.jpg"/>
 <o:File HRef="image015.emz"/>
 <o:File HRef="image016.gif"/>
 <o:File HRef="image017.emz"/>
 <o:File HRef="image018.gif"/>
 <o:File HRef="image019.emz"/>
 <o:File HRef="image020.gif"/>
 <o:File HRef="image021.png"/>
 <o:File HRef="image022.jpg"/>
 <o:File HRef="image023.emz"/>
 <o:File HRef="image024.gif"/>
 <o:File HRef="image025.emz"/>
 <o:File HRef="image026.gif"/>
 <o:File HRef="filelist.xml"/>
</xml>