<?xml version='1.0' encoding='iso-8859-1'?>
<tree id="0">
	<item text="Books" id="2_books" open="1" im0="books_close.gif" im1="tombs.gif" im2="tombs.gif" call="1" select="1">
		<item text="Mystery &amp; Thrillers" id="2_mystery" im0="book.gif" im1="books_open.gif" im2="books_close.gif">
			<item text="Lawrence Block" id="2_lb" im0="book.gif" im1="books_open.gif" im2="book.gif">
				<item text="All the Flowers Are Dying" id="2_lb_1" im0="book_titel.gif" im1="book_titel.gif" im2="book_titel.gif"/>
				<item text="The Burglar on the Prowl" id="2_lb_2" im0="book_titel.gif" im1="book_titel.gif" im2="book_titel.gif"/>
				<item text="The Plot Thickens" id="2_lb_3" im0="book_titel.gif" im1="book_titel.gif" im2="book_titel.gif"/>
				<item text="Grifter's Game" id="2_lb_4" im0="book_titel.gif" im1="book_titel.gif" im2="book_titel.gif"/>
				<item text="The Burglar Who Thought He Was Bogart" id="2_lb_5" im0="book_titel.gif" im1="book_titel.gif" im2="book_titel.gif"/>
			</item>
			<item text="Robert Crais" id="2_rc" im0="book.gif" im1="books_open.gif" im2="book.gif">
				<item text="The Forgotten Man" id="2_rc_1" im0="book_titel.gif" im1="book_titel.gif" im2="book_titel.gif"/>
				<item text="Stalking the Angel" id="2_rc_2" im0="book_titel.gif" im1="book_titel.gif" im2="book_titel.gif"/>
				<item text="Free Fall" id="2_rc_3" im0="book_titel.gif" im1="book_titel.gif" im2="book_titel.gif"/>
				<item text="Sunset Express" id="2_rc_4" im0="book_titel.gif" im1="book_titel.gif" im2="book_titel.gif"/>
				<item text="Hostage" id="2_rc_5" im0="book_titel.gif" im1="book_titel.gif" im2="book_titel.gif"/>
			</item>
			<item text="Ian Rankin" id="2_ir" im0="book.gif" im1="books_open.gif" im2="book.gif"></item>
			<item text="James Patterson" id="2_jp" im0="book.gif" im1="books_open.gif" im2="book.gif"></item>
			<item text="Nancy Atherton" id="2_na" im0="book.gif" im1="books_open.gif" im2="book.gif"></item>
		</item>
		<item text="History" id="2_history" im0="book.gif" im1="books_open.gif" im2="books_close.gif">
			<item text="John Mack Faragher" id="2_jmf" im0="book.gif" im1="books_open.gif" im2="book.gif"></item>
			<item text="Jim Dwyer" id="2_jd" im0="book.gif" im1="books_open.gif" im2="book.gif"></item>
			<item text="Larry Schweikart" id="2_ls" im0="book.gif" im1="books_open.gif" im2="book.gif"></item>
			<item text="R. Lee Ermey" id="2_rle" im0="book.gif" im1="books_open.gif" im2="book.gif"></item>
		</item>
		<item text="Horror" id="2_horror" open="1" im0="book.gif" im1="books_open.gif" im2="books_close.gif">
			<item text="Stephen King" id="2_sk" im0="book.gif" im1="books_open.gif" im2="book.gif"></item>
			<item text="Dan Brown" id="2_db" im0="book.gif" im1="books_open.gif" im2="book.gif">
				<item text="Angels &amp; Demons" id="2_db_1" im0="book_titel.gif" im1="book_titel.gif" im2="book_titel.gif"/>
				<item text="Deception Point" id="2_db_2" im0="book_titel.gif" im1="book_titel.gif" im2="book_titel.gif"/>
				<item text="Digital Fortress" id="2_db_3" im0="book_titel.gif" im1="book_titel.gif" im2="book_titel.gif"/>
				<item text="The Da Vinci Code" id="2_db_4" im0="book_titel.gif" im1="book_titel.gif" im2="book_titel.gif"/>
				<item text="Deception Point" id="2_db_5" im0="book_titel.gif" im1="book_titel.gif" im2="book_titel.gif"/>
			</item>
			<item text="Mary Janice Davidson" id="2_mjd" im0="book.gif" im1="books_open.gif" im2="book.gif"></item>
			<item text="Katie Macalister" id="2_km" im0="book.gif" im1="books_open.gif" im2="book.gif"></item>
		</item>
		<item text="Science Fiction &amp; Fantasy" id="2_fantasy" im0="book.gif" im1="books_open.gif" im2="books_close.gif">
			<item text="Audrey Niffenegger" id="2_af" im0="book.gif" im1="books_open.gif" im2="book.gif"></item>
			<item text="Philip Roth" id="2_pr" im0="book.gif" im1="books_open.gif" im2="book.gif"></item>
		</item>
		<item text="Sport" id="2_sport" im0="book.gif" im1="books_open.gif" im2="books_close.gif">
			<item text="Bill Reynolds" id="2_br" im0="book.gif" im1="books_open.gif" im2="book.gif"></item>
		</item>
		<item text="Teens" id="2_teens" im0="book.gif" im1="books_open.gif" im2="books_close.gif">
			<item text="Joss Whedon" id="2_jw" im0="book.gif" im1="books_open.gif" im2="book.gif">
				<item text="Astonishing X-Men" id="2_jw_1" im0="book_titel.gif" im1="book_titel.gif" im2="book_titel.gif"/>
				<item text="Joss Whedon: The Genius Behind Buffy" id="2_jw_2" im0="book_titel.gif" im1="book_titel.gif" im2="book_titel.gif"/>
				<item text="Fray" id="2_jw_3" im0="book_titel.gif" im1="book_titel.gif" im2="book_titel.gif"/>
				<item text="Tales Of The Vampires" id="2_jw_4" im0="book_titel.gif" im1="book_titel.gif" im2="book_titel.gif"/>
				<item text="The Harvest" id="2_jw_5" im0="book_titel.gif" im1="book_titel.gif" im2="book_titel.gif"/>
			</item>
			<item text="Meg Cabot" id="2_mc" im0="book.gif" im1="books_open.gif" im2="book.gif"></item>
			<item text="Garth Nix" id="2_gn" im0="book.gif" im1="books_open.gif" im2="book.gif"></item>
			<item text="Ann Brashares" id="2_ab" im0="book.gif" im1="books_open.gif" im2="book.gif"></item>
		</item>
	</item>
	<item text="Magazines" id="2_magazines" im0="tombs_mag.gif" im1="tombs_mag.gif" im2="tombs_mag.gif">
		<item text="Sport" id="2_mag_sp" im0="magazines_open.gif" im1="magazines_open.gif" im2="magazines_close.gif"></item>
	</item>
</tree> 
